{
  "created_at": "2026-05-16T06:00:58",
  "global_submission_path": "/Users/sky/Projects/NYCU Data Mining/disaster-severity-prediction/submissions/submission_20260516_060058_20260516_054147_catboost_two_stage_catboost_lean_tail1825_regularized_500.csv",
  "model_dir": "/Users/sky/Projects/NYCU Data Mining/disaster-severity-prediction/experiments/20260516_054147_catboost_two_stage_catboost_lean_tail1825_regularized_500/models",
  "prediction_stats": {
    "pred_week1": {
      "max": 4.756458687569252,
      "mean": 0.5049783314742484,
      "min": 0.0,
      "std": 0.574449483727597
    },
    "pred_week2": {
      "max": 4.549672225718853,
      "mean": 0.4615202338927259,
      "min": 0.0,
      "std": 0.5548889222622497
    },
    "pred_week3": {
      "max": 3.971432898648005,
      "mean": 0.41123914628187463,
      "min": 0.0,
      "std": 0.5237228838608569
    },
    "pred_week4": {
      "max": 3.534491631534636,
      "mean": 0.3742158715632198,
      "min": 0.0,
      "std": 0.48716489493265175
    },
    "pred_week5": {
      "max": 3.714801731202375,
      "mean": 0.30492215296185304,
      "min": 0.0,
      "std": 0.43288431010887796
    }
  },
  "rows": 2248,
  "run_submission_path": "/Users/sky/Projects/NYCU Data Mining/disaster-severity-prediction/experiments/20260516_054147_catboost_two_stage_catboost_lean_tail1825_regularized_500/submissions/submission_20260516_060058_20260516_054147_catboost_two_stage_catboost_lean_tail1825_regularized_500.csv"
}
