{
  "created_at": "2026-05-16T05:41:35",
  "global_submission_path": "/Users/sky/Projects/NYCU Data Mining/disaster-severity-prediction/submissions/submission_20260516_054135_20260516_053310_catboost_two_stage_catboost_lean_tail1095_regularized_300.csv",
  "model_dir": "/Users/sky/Projects/NYCU Data Mining/disaster-severity-prediction/experiments/20260516_053310_catboost_two_stage_catboost_lean_tail1095_regularized_300/models",
  "prediction_stats": {
    "pred_week1": {
      "max": 3.461422104042648,
      "mean": 0.5538822478505853,
      "min": 0.0,
      "std": 0.5208524975685123
    },
    "pred_week2": {
      "max": 3.4874214705741005,
      "mean": 0.5233174764995657,
      "min": 0.0,
      "std": 0.4953657301185764
    },
    "pred_week3": {
      "max": 3.538702773043055,
      "mean": 0.509279082421202,
      "min": 0.0,
      "std": 0.5291357470942786
    },
    "pred_week4": {
      "max": 3.375027680681607,
      "mean": 0.5023003152108018,
      "min": 0.0,
      "std": 0.5153387789339454
    },
    "pred_week5": {
      "max": 3.481101728819575,
      "mean": 0.4579589919198347,
      "min": 0.0,
      "std": 0.4501214629619449
    }
  },
  "rows": 2248,
  "run_submission_path": "/Users/sky/Projects/NYCU Data Mining/disaster-severity-prediction/experiments/20260516_053310_catboost_two_stage_catboost_lean_tail1095_regularized_300/submissions/submission_20260516_054135_20260516_053310_catboost_two_stage_catboost_lean_tail1095_regularized_300.csv"
}
