{
  "feature_ablation_lgbm_lean_tail1095": {
    "baseline": {
      "avg_mae": 0.3124,
      "delta_vs_baseline": 0.0,
      "features": 401,
      "week_mae": [
        0.2865,
        0.296,
        0.3215,
        0.3275,
        0.3305
      ]
    },
    "minus_climatology": {
      "avg_mae": 0.3046,
      "delta_vs_baseline": -0.0078,
      "features": 386,
      "week_mae": [
        0.2711,
        0.2868,
        0.3094,
        0.3189,
        0.3368
      ]
    },
    "minus_domain_indices": {
      "avg_mae": 0.3144,
      "delta_vs_baseline": 0.002,
      "features": 367,
      "week_mae": [
        0.2794,
        0.2958,
        0.3211,
        0.3217,
        0.3541
      ]
    },
    "minus_long_drought_proxy": {
      "avg_mae": 0.3645,
      "delta_vs_baseline": 0.0521,
      "features": 380,
      "week_mae": [
        0.3625,
        0.3683,
        0.3568,
        0.3601,
        0.3748
      ]
    },
    "minus_region_stats": {
      "avg_mae": 0.3124,
      "delta_vs_baseline": 0.0,
      "features": 401,
      "week_mae": [
        0.2865,
        0.296,
        0.3215,
        0.3275,
        0.3305
      ]
    },
    "minus_score_history": {
      "avg_mae": 0.3645,
      "delta_vs_baseline": 0.0521,
      "features": 379,
      "week_mae": [
        0.3446,
        0.3479,
        0.363,
        0.3758,
        0.3914
      ]
    }
  },
  "figure_paths": {
    "eda_overview": "report/figures/eda_overview.png",
    "feature_ablation": "report/figures/feature_ablation.png",
    "train_test_shift": "report/figures/train_test_shift.png"
  },
  "monthly_labeled_rows": {
    "1": 150616,
    "10": 148368,
    "11": 146120,
    "12": 146120,
    "2": 134880,
    "3": 150616,
    "4": 141624,
    "5": 152864,
    "6": 143872,
    "7": 148368,
    "8": 150616,
    "9": 143872
  },
  "monthly_mean_score": {
    "1": 0.8559449195304616,
    "10": 0.8587566051978863,
    "11": 0.8334314262250205,
    "12": 0.8087667670407884,
    "2": 0.827290925266904,
    "3": 0.8022786423753121,
    "4": 0.810823024346156,
    "5": 0.7469384550973415,
    "6": 0.7525022241992882,
    "7": 0.8991831122614041,
    "8": 0.9367265097997557,
    "9": 0.8935303603202847
  },
  "monthly_positive_rate": {
    "1": 0.41437828650342595,
    "10": 0.4102367087242532,
    "11": 0.4042362441828634,
    "12": 0.399692033944703,
    "2": 0.40189056939501777,
    "3": 0.40101981197216763,
    "4": 0.4033214709371293,
    "5": 0.36786293698974254,
    "6": 0.3673473643238434,
    "7": 0.4170575865415723,
    "8": 0.431434907313964,
    "9": 0.42527385453736655
  },
  "score_counts": {
    "0": 1048333,
    "1": 303432,
    "2": 186279,
    "3": 118496,
    "4": 69422,
    "5": 31974
  },
  "score_labeled_rows": 1757936,
  "score_percent": {
    "0": 59.634309781470996,
    "1": 17.26069663514485,
    "2": 10.596460849541735,
    "3": 6.740632195938874,
    "4": 3.9490629920543183,
    "5": 1.8188375458492234
  },
  "score_positive_rate": 0.40365690218529005,
  "test_weather_rows": 204568,
  "train_test_shift_prev_year_same_md": {
    "dew_point_depression": {
      "ks": 0.1821916666666666,
      "label": "tmp - dew point",
      "mean_delta": 1.5403375625610352,
      "psi": 0.1646771382564424,
      "std_mean_delta": 0.3254128553672961,
      "test_mean": 7.77158260345459,
      "train_mean": 6.231245040893555
    },
    "dry_day": {
      "ks": 0.0850166666666666,
      "label": "dry-day share, prec < 0.1",
      "mean_delta": 0.0845537781715393,
      "psi": 0.0293487738745534,
      "std_mean_delta": 0.1724083260740829,
      "test_mean": 0.4871778488159179,
      "train_mean": 0.4026240706443786
    },
    "dry_days_90d": {
      "ks": 0.3035333333333333,
      "label": "90-day dry days",
      "mean_delta": 8.177314758300781,
      "psi": 0.4629005052245646,
      "std_mean_delta": 0.543186210698351,
      "test_mean": 43.76971435546875,
      "train_mean": 35.59239959716797
    },
    "prec": {
      "ks": 0.0947666666666666,
      "label": "daily precipitation",
      "mean_delta": -1.32477867603302,
      "psi": 0.0544377913187792,
      "std_mean_delta": -0.1804672367585245,
      "test_mean": 1.9252976179122925,
      "train_mean": 3.2500762939453125
    },
    "prec_sum_90d": {
      "ks": 0.225675,
      "label": "90-day precipitation sum",
      "mean_delta": -53.96571350097656,
      "psi": 0.2252281770383024,
      "std_mean_delta": -0.3934683114613554,
      "test_mean": 223.7104949951172,
      "train_mean": 277.67620849609375
    },
    "rain_day_ge_1": {
      "ks": 0.0934333333333333,
      "label": "rain-day share, prec >= 1",
      "mean_delta": -0.0925511419773101,
      "psi": 0.0391473929094426,
      "std_mean_delta": -0.1901463854227723,
      "test_mean": 0.2930419147014618,
      "train_mean": 0.385593056678772
    },
    "rain_days_90d": {
      "ks": 0.3381249999999999,
      "label": "90-day rain days, prec >= 1",
      "mean_delta": -8.311872482299805,
      "psi": 0.663434605482436,
      "std_mean_delta": -0.6025928077951551,
      "test_mean": 27.233980178833008,
      "train_mean": 35.54585266113281
    },
    "tmp_range": {
      "ks": 0.1385583333333333,
      "label": "daily temperature range",
      "mean_delta": 1.1377849578857422,
      "psi": 0.0968569186410241,
      "std_mean_delta": 0.3009354114761809,
      "test_mean": 12.264379501342772,
      "train_mean": 11.126594543457031
    }
  },
  "train_weather_sample_rows": 246381
}