{
  "created_at": "2026-05-14T02:59:04",
  "global_submission_path": "/Users/sky/Projects/NYCU Data Mining/disaster-severity-prediction/submissions/submission_20260514_025904_20260514_023744_xgboost_two_stage_xgb_long_term_weather.csv",
  "model_dir": "/Users/sky/Projects/NYCU Data Mining/disaster-severity-prediction/experiments/20260514_023744_xgboost_two_stage_xgb_long_term_weather/models",
  "prediction_stats": {
    "pred_week1": {
      "max": 4.552000522613525,
      "mean": 0.9406619071960449,
      "min": 0.0,
      "std": 0.8612873554229736
    },
    "pred_week2": {
      "max": 5.0,
      "mean": 0.945163369178772,
      "min": 0.0,
      "std": 0.8731505870819092
    },
    "pred_week3": {
      "max": 4.531721591949463,
      "mean": 0.953208327293396,
      "min": 0.0,
      "std": 0.8802996873855591
    },
    "pred_week4": {
      "max": 4.590052127838135,
      "mean": 0.9129413962364197,
      "min": 0.0,
      "std": 0.8648021817207336
    },
    "pred_week5": {
      "max": 2.698021411895752,
      "mean": 0.4931834042072296,
      "min": 0.0,
      "std": 0.5215072631835938
    }
  },
  "rows": 2248,
  "run_submission_path": "/Users/sky/Projects/NYCU Data Mining/disaster-severity-prediction/experiments/20260514_023744_xgboost_two_stage_xgb_long_term_weather/submissions/submission_20260514_025904_20260514_023744_xgboost_two_stage_xgb_long_term_weather.csv"
}
